program,warnings,unused,unreachable,conversion,cluster
test_503.c,1,2,0,0,3
test_767.c,0,0,0,0,0
test_571.c,1,2,0,0,3
test_217.c,1,0,0,2,2
test_843.c,1,0,0,2,2
test_358.c,1,0,0,2,2
test_995.c,1,0,0,2,2
test_895.c,0,0,0,0,0
test_827.c,0,0,0,0,0
test_224.c,1,4,0,0,1
test_824.c,1,0,0,2,2
test_29.c,1,4,0,0,1
test_806.c,1,2,0,0,3
test_867.c,1,0,0,2,2
test_959.c,0,0,0,0,0
test_349.c,1,0,0,2,2
test_147.c,0,0,0,0,0
test_938.c,1,0,0,2,2
test_769.c,1,4,0,0,1
test_81.c,1,0,0,2,2
test_30.c,0,0,0,0,0
test_345.c,1,4,0,0,1
test_798.c,1,0,0,2,2
test_831.c,0,0,0,0,0
test_991.c,1,4,0,0,1
test_746.c,1,4,0,0,1
test_328.c,1,2,0,0,3
test_956.c,0,0,0,0,0
test_917.c,1,2,0,0,3
test_762.c,1,2,0,0,3
test_434.c,0,0,0,0,0
test_155.c,1,0,0,2,2
test_246.c,1,0,0,2,2
test_773.c,0,0,0,0,0
test_667.c,1,0,0,2,2
test_124.c,0,0,0,0,0
test_564.c,1,0,0,2,2
test_780.c,0,0,0,0,0
test_674.c,1,2,0,0,3
test_230.c,1,2,0,0,3
test_596.c,1,4,0,0,1
test_766.c,1,4,0,0,1
test_864.c,0,0,0,0,0
test_111.c,0,0,0,0,0
test_436.c,0,0,0,0,0
test_226.c,0,0,0,0,0
test_874.c,1,4,0,0,1
test_935.c,0,0,0,0,0
test_605.c,1,0,0,2,2
test_106.c,0,0,0,0,0
test_987.c,0,0,0,0,0
test_609.c,0,0,0,0,0
test_363.c,1,2,0,0,3
test_448.c,1,2,0,0,3
test_139.c,1,4,0,0,1
test_531.c,1,2,0,0,3
test_179.c,1,2,0,0,3
test_677.c,1,2,0,0,3
test_56.c,0,0,0,0,0
test_933.c,1,2,0,0,3
test_68.c,0,0,0,0,0
test_670.c,0,0,0,0,0
test_429.c,0,0,0,0,0
test_692.c,1,0,0,2,2
test_863.c,1,4,0,0,1
test_136.c,0,0,0,0,0
test_786.c,0,0,0,0,0
test_143.c,1,0,0,2,2
test_385.c,0,0,0,0,0
test_306.c,1,2,0,0,3
test_809.c,1,4,0,0,1
test_8.c,1,2,0,0,3
test_268.c,1,4,0,0,1
test_331.c,1,4,0,0,1
test_949.c,0,0,0,0,0
test_908.c,1,0,0,2,2
test_365.c,1,4,0,0,1
test_489.c,0,0,0,0,0
test_646.c,1,0,0,2,2
test_637.c,1,2,0,0,3
test_950.c,1,2,0,0,3
test_633.c,1,4,0,0,1
test_789.c,0,0,0,0,0
test_213.c,0,0,0,0,0
test_918.c,1,4,0,0,1
test_645.c,1,2,0,0,3
test_157.c,1,2,0,0,3
test_980.c,0,0,0,0,0
test_659.c,1,4,0,0,1
test_66.c,0,0,0,0,0
test_154.c,0,0,0,0,0
test_563.c,1,0,0,2,2
test_218.c,0,0,0,0,0
test_990.c,1,2,0,0,3
test_13.c,1,4,0,0,1
test_673.c,0,0,0,0,0
test_351.c,0,0,0,0,0
test_90.c,1,4,0,0,1
test_952.c,1,0,0,2,2
test_222.c,0,0,0,0,0
test_526.c,0,0,0,0,0
test_753.c,0,0,0,0,0
test_502.c,0,0,0,0,0
test_591.c,0,0,0,0,0
test_15.c,1,4,0,0,1
test_970.c,0,0,0,0,0
test_478.c,0,0,0,0,0
test_832.c,0,0,0,0,0
test_775.c,1,0,0,2,2
test_333.c,1,4,0,0,1
test_464.c,1,0,0,2,2
test_730.c,1,2,0,0,3
test_592.c,0,0,0,0,0
test_788.c,1,2,0,0,3
test_477.c,0,0,0,0,0
test_520.c,0,0,0,0,0
test_449.c,0,0,0,0,0
test_486.c,1,2,0,0,3
test_694.c,1,0,0,2,2
test_702.c,0,0,0,0,0
test_87.c,0,0,0,0,0
test_236.c,1,0,0,2,2
test_644.c,0,0,0,0,0
test_856.c,1,4,0,0,1
test_797.c,0,0,0,0,0
test_390.c,0,0,0,0,0
test_109.c,0,0,0,0,0
test_39.c,1,0,0,2,2
test_707.c,1,2,0,0,3
test_932.c,0,0,0,0,0
test_442.c,0,0,0,0,0
test_629.c,0,0,0,0,0
test_616.c,1,0,0,2,2
test_264.c,1,0,0,2,2
test_982.c,1,4,0,0,1
test_875.c,1,4,0,0,1
test_459.c,1,2,0,0,3
test_335.c,0,0,0,0,0
test_327.c,0,0,0,0,0
test_412.c,1,4,0,0,1
test_628.c,1,0,0,2,2
test_241.c,1,0,0,2,2
test_868.c,1,0,0,2,2
test_433.c,0,0,0,0,0
test_558.c,1,4,0,0,1
test_957.c,1,4,0,0,1
test_359.c,0,0,0,0,0
test_608.c,1,4,0,0,1
test_28.c,1,2,0,0,3
test_946.c,1,2,0,0,3
test_501.c,0,0,0,0,0
test_989.c,1,4,0,0,1
test_97.c,1,2,0,0,3
test_239.c,1,4,0,0,1
test_741.c,0,0,0,0,0
test_142.c,0,0,0,0,0
test_555.c,1,0,0,2,2
test_847.c,0,0,0,0,0
test_21.c,0,0,0,0,0
test_313.c,0,0,0,0,0
test_284.c,1,4,0,0,1
test_60.c,0,0,0,0,0
test_668.c,1,0,0,2,2
test_515.c,1,2,0,0,3
test_951.c,1,4,0,0,1
test_212.c,1,4,0,0,1
test_64.c,0,0,0,0,0
test_420.c,0,0,0,0,0
test_700.c,1,2,0,0,3
test_810.c,0,0,0,0,0
test_411.c,0,0,0,0,0
test_364.c,1,2,0,0,3
test_960.c,1,4,0,0,1
test_105.c,1,4,0,0,1
test_36.c,1,0,0,2,2
test_738.c,1,4,0,0,1
test_524.c,0,0,0,0,0
test_341.c,0,0,0,0,0
test_355.c,0,0,0,0,0
test_158.c,0,0,0,0,0
test_392.c,1,2,0,0,3
test_522.c,0,0,0,0,0
test_602.c,1,0,0,2,2
test_562.c,1,2,0,0,3
test_500.c,1,0,0,2,2
test_67.c,0,0,0,0,0
test_782.c,0,0,0,0,0
test_374.c,1,4,0,0,1
test_190.c,1,2,0,0,3
test_979.c,0,0,0,0,0
test_873.c,1,2,0,0,3
test_534.c,1,2,0,0,3
test_104.c,1,4,0,0,1
test_527.c,1,4,0,0,1
test_579.c,0,0,0,0,0
test_701.c,1,2,0,0,3
test_336.c,1,0,0,2,2
test_176.c,0,0,0,0,0
test_537.c,1,4,0,0,1
test_165.c,1,0,0,2,2
test_55.c,0,0,0,0,0
test_98.c,0,0,0,0,0
test_897.c,0,0,0,0,0
test_899.c,1,0,0,2,2
test_182.c,1,4,0,0,1
test_763.c,1,0,0,2,2
test_688.c,1,4,0,0,1
test_961.c,1,2,0,0,3
test_232.c,1,0,0,2,2
test_194.c,1,4,0,0,1
test_658.c,1,0,0,2,2
test_761.c,1,0,0,2,2
test_430.c,1,2,0,0,3
test_181.c,0,0,0,0,0
test_705.c,1,0,0,2,2
test_270.c,0,0,0,0,0
test_687.c,1,2,0,0,3
test_304.c,0,0,0,0,0
test_435.c,1,0,0,2,2
test_584.c,1,4,0,0,1
test_635.c,0,0,0,0,0
test_138.c,1,4,0,0,1
test_678.c,0,0,0,0,0
test_334.c,1,4,0,0,1
test_394.c,1,4,0,0,1
test_845.c,1,0,0,2,2
test_387.c,0,0,0,0,0
test_898.c,1,0,0,2,2
test_825.c,1,0,0,2,2
test_115.c,1,4,0,0,1
test_397.c,0,0,0,0,0
test_986.c,0,0,0,0,0
test_120.c,1,0,0,2,2
test_416.c,0,0,0,0,0
test_993.c,1,4,0,0,1
test_821.c,0,0,0,0,0
test_998.c,1,0,0,2,2
test_973.c,1,0,0,2,2
test_49.c,0,0,0,0,0
test_814.c,1,0,0,2,2
test_151.c,1,4,0,0,1
test_202.c,1,0,0,2,2
test_578.c,1,0,0,2,2
test_221.c,0,0,0,0,0
test_102.c,0,0,0,0,0
test_384.c,1,0,0,2,2
test_455.c,0,0,0,0,0
test_907.c,1,2,0,0,3
test_733.c,1,4,0,0,1
test_882.c,1,0,0,2,2
test_152.c,1,4,0,0,1
test_279.c,1,4,0,0,1
test_240.c,1,4,0,0,1
test_37.c,1,2,0,0,3
test_495.c,0,0,0,0,0
test_61.c,1,0,0,2,2
test_511.c,0,0,0,0,0
test_528.c,0,0,0,0,0
test_793.c,1,0,0,2,2
test_833.c,1,4,0,0,1
test_570.c,1,4,0,0,1
test_742.c,1,4,0,0,1
test_803.c,1,0,0,2,2
test_544.c,1,2,0,0,3
test_627.c,1,4,0,0,1
test_828.c,1,0,0,2,2
test_969.c,0,0,0,0,0
test_681.c,1,2,0,0,3
test_470.c,1,4,0,0,1
test_378.c,1,0,0,2,2
test_883.c,0,0,0,0,0
test_307.c,1,4,0,0,1
test_576.c,0,0,0,0,0
test_473.c,1,0,0,2,2
test_53.c,1,0,0,2,2
test_249.c,1,2,0,0,3
test_314.c,1,0,0,2,2
test_383.c,1,0,0,2,2
test_287.c,1,2,0,0,3
test_877.c,1,2,0,0,3
test_41.c,0,0,0,0,0
test_642.c,0,0,0,0,0
test_556.c,1,2,0,0,3
test_425.c,1,0,0,2,2
test_600.c,1,4,0,0,1
test_200.c,0,0,0,0,0
test_419.c,1,0,0,2,2
test_319.c,0,0,0,0,0
test_787.c,0,0,0,0,0
test_261.c,1,2,0,0,3
test_406.c,1,4,0,0,1
test_216.c,0,0,0,0,0
test_0.c,1,2,0,0,3
test_322.c,1,0,0,2,2
test_178.c,1,2,0,0,3
test_924.c,0,0,0,0,0
test_174.c,1,0,0,2,2
test_992.c,0,0,0,0,0
test_854.c,0,0,0,0,0
test_551.c,0,0,0,0,0
test_452.c,0,0,0,0,0
test_186.c,0,0,0,0,0
test_329.c,0,0,0,0,0
test_310.c,1,4,0,0,1
test_153.c,0,0,0,0,0
test_266.c,1,0,0,2,2
test_14.c,0,0,0,0,0
test_127.c,0,0,0,0,0
test_40.c,1,2,0,0,3
test_131.c,0,0,0,0,0
test_150.c,1,0,0,2,2
test_872.c,0,0,0,0,0
test_289.c,1,4,0,0,1
test_774.c,1,4,0,0,1
test_860.c,0,0,0,0,0
test_84.c,1,4,0,0,1
test_954.c,1,0,0,2,2
test_444.c,0,0,0,0,0
test_530.c,0,0,0,0,0
test_262.c,1,4,0,0,1
test_237.c,0,0,0,0,0
test_114.c,1,4,0,0,1
test_849.c,1,4,0,0,1
test_156.c,1,0,0,2,2
test_604.c,1,4,0,0,1
test_316.c,0,0,0,0,0
test_468.c,0,0,0,0,0
test_91.c,0,0,0,0,0
test_12.c,0,0,0,0,0
test_233.c,1,4,0,0,1
test_913.c,0,0,0,0,0
test_117.c,0,0,0,0,0
test_353.c,0,0,0,0,0
test_575.c,1,2,0,0,3
test_559.c,1,2,0,0,3
test_343.c,1,2,0,0,3
test_963.c,0,0,0,0,0
test_996.c,1,2,0,0,3
test_258.c,1,2,0,0,3
test_209.c,1,0,0,2,2
test_481.c,1,2,0,0,3
test_231.c,1,2,0,0,3
test_772.c,1,0,0,2,2
test_144.c,0,0,0,0,0
test_195.c,1,2,0,0,3
test_469.c,1,4,0,0,1
test_947.c,1,2,0,0,3
test_535.c,1,0,0,2,2
test_263.c,1,0,0,2,2
test_723.c,1,2,0,0,3
test_850.c,1,0,0,2,2
test_476.c,1,4,0,0,1
test_74.c,0,0,0,0,0
test_573.c,0,0,0,0,0
test_20.c,1,0,0,2,2
test_116.c,1,2,0,0,3
test_332.c,1,4,0,0,1
test_836.c,1,0,0,2,2
test_585.c,1,4,0,0,1
test_889.c,1,4,0,0,1
test_391.c,0,0,0,0,0
test_50.c,1,0,0,2,2
test_7.c,1,2,0,0,3
test_781.c,1,0,0,2,2
test_499.c,0,0,0,0,0
test_148.c,1,0,0,2,2
test_52.c,1,4,0,0,1
test_407.c,0,0,0,0,0
test_16.c,0,0,0,0,0
test_708.c,0,0,0,0,0
test_361.c,0,0,0,0,0
test_227.c,1,2,0,0,3
test_352.c,1,0,0,2,2
test_57.c,1,0,0,2,2
test_661.c,0,0,0,0,0
test_638.c,0,0,0,0,0
test_509.c,0,0,0,0,0
test_134.c,1,2,0,0,3
test_163.c,0,0,0,0,0
test_119.c,0,0,0,0,0
test_765.c,0,0,0,0,0
test_597.c,0,0,0,0,0
test_276.c,1,4,0,0,1
test_841.c,0,0,0,0,0
test_487.c,1,4,0,0,1
test_445.c,1,4,0,0,1
test_620.c,0,0,0,0,0
test_962.c,0,0,0,0,0
test_548.c,1,4,0,0,1
test_804.c,1,0,0,2,2
test_822.c,0,0,0,0,0
test_983.c,0,0,0,0,0
test_721.c,0,0,0,0,0
test_896.c,1,0,0,2,2
test_972.c,0,0,0,0,0
test_984.c,1,0,0,2,2
test_582.c,0,0,0,0,0
test_663.c,1,2,0,0,3
test_904.c,0,0,0,0,0
test_955.c,0,0,0,0,0
test_482.c,0,0,0,0,0
test_427.c,1,0,0,2,2
test_706.c,0,0,0,0,0
test_660.c,1,0,0,2,2
test_510.c,1,4,0,0,1
test_720.c,1,4,0,0,1
test_402.c,1,2,0,0,3
test_338.c,0,0,0,0,0
test_712.c,1,0,0,2,2
test_912.c,0,0,0,0,0
test_560.c,1,2,0,0,3
test_709.c,1,2,0,0,3
test_884.c,1,2,0,0,3
test_965.c,1,4,0,0,1
test_859.c,0,0,0,0,0
test_657.c,0,0,0,0,0
test_58.c,1,2,0,0,3
test_886.c,1,4,0,0,1
test_588.c,1,2,0,0,3
test_693.c,1,4,0,0,1
test_323.c,1,0,0,2,2
test_413.c,1,4,0,0,1
test_191.c,1,2,0,0,3
test_799.c,0,0,0,0,0
test_146.c,0,0,0,0,0
test_198.c,1,2,0,0,3
test_76.c,1,2,0,0,3
test_914.c,1,0,0,2,2
test_273.c,0,0,0,0,0
test_132.c,1,2,0,0,3
test_188.c,0,0,0,0,0
test_330.c,0,0,0,0,0
test_254.c,1,4,0,0,1
test_440.c,1,0,0,2,2
test_498.c,0,0,0,0,0
test_595.c,0,0,0,0,0
test_62.c,0,0,0,0,0
test_293.c,0,0,0,0,0
test_958.c,1,2,0,0,3
test_166.c,1,2,0,0,3
test_439.c,1,0,0,2,2
test_779.c,0,0,0,0,0
test_168.c,0,0,0,0,0
test_756.c,1,2,0,0,3
test_228.c,0,0,0,0,0
test_229.c,0,0,0,0,0
test_923.c,0,0,0,0,0
test_902.c,1,4,0,0,1
test_880.c,1,4,0,0,1
test_101.c,1,4,0,0,1
test_770.c,0,0,0,0,0
test_305.c,1,4,0,0,1
test_423.c,1,0,0,2,2
test_805.c,1,0,0,2,2
test_911.c,1,2,0,0,3
test_820.c,1,0,0,2,2
test_214.c,0,0,0,0,0
test_88.c,1,0,0,2,2
test_725.c,1,0,0,2,2
test_724.c,1,0,0,2,2
test_881.c,1,2,0,0,3
test_92.c,1,4,0,0,1
test_410.c,1,0,0,2,2
test_581.c,0,0,0,0,0
test_533.c,0,0,0,0,0
test_250.c,1,2,0,0,3
test_299.c,1,4,0,0,1
test_971.c,1,4,0,0,1
test_676.c,1,0,0,2,2
test_475.c,0,0,0,0,0
test_492.c,0,0,0,0,0
test_290.c,1,2,0,0,3
test_920.c,0,0,0,0,0
test_140.c,0,0,0,0,0
test_225.c,1,4,0,0,1
test_421.c,0,0,0,0,0
test_379.c,0,0,0,0,0
test_719.c,0,0,0,0,0
test_220.c,1,0,0,2,2
test_732.c,1,4,0,0,1
test_869.c,0,0,0,0,0
test_26.c,0,0,0,0,0
test_557.c,1,4,0,0,1
test_255.c,1,4,0,0,1
test_713.c,0,0,0,0,0
test_311.c,1,2,0,0,3
test_169.c,1,2,0,0,3
test_919.c,1,4,0,0,1
test_103.c,1,4,0,0,1
test_461.c,0,0,0,0,0
test_395.c,1,0,0,2,2
test_622.c,1,4,0,0,1
test_252.c,1,0,0,2,2
test_126.c,1,4,0,0,1
test_664.c,0,0,0,0,0
test_418.c,1,2,0,0,3
test_5.c,0,0,0,0,0
test_422.c,0,0,0,0,0
test_598.c,1,4,0,0,1
test_695.c,1,2,0,0,3
test_778.c,0,0,0,0,0
test_483.c,0,0,0,0,0
test_77.c,0,0,0,0,0
test_518.c,1,0,0,2,2
test_813.c,1,2,0,0,3
test_135.c,0,0,0,0,0
test_46.c,0,0,0,0,0
test_835.c,1,0,0,2,2
test_488.c,1,4,0,0,1
test_372.c,0,0,0,0,0
test_201.c,0,0,0,0,0
test_626.c,1,4,0,0,1
test_878.c,1,4,0,0,1
test_903.c,1,4,0,0,1
test_928.c,1,0,0,2,2
test_312.c,0,0,0,0,0
test_257.c,1,2,0,0,3
test_699.c,1,4,0,0,1
test_514.c,0,0,0,0,0
test_471.c,0,0,0,0,0
test_32.c,1,2,0,0,3
test_238.c,1,2,0,0,3
test_244.c,0,0,0,0,0
test_748.c,0,0,0,0,0
test_206.c,0,0,0,0,0
test_302.c,1,4,0,0,1
test_27.c,1,0,0,2,2
test_79.c,0,0,0,0,0
test_583.c,1,4,0,0,1
test_837.c,0,0,0,0,0
test_634.c,0,0,0,0,0
test_451.c,0,0,0,0,0
test_567.c,1,0,0,2,2
test_248.c,1,2,0,0,3
test_665.c,1,0,0,2,2
test_75.c,1,4,0,0,1
test_910.c,1,0,0,2,2
test_536.c,1,4,0,0,1
test_764.c,1,0,0,2,2
test_408.c,0,0,0,0,0
test_357.c,1,4,0,0,1
test_243.c,1,0,0,2,2
test_465.c,1,2,0,0,3
test_292.c,1,4,0,0,1
test_34.c,1,2,0,0,3
test_149.c,1,2,0,0,3
test_38.c,1,2,0,0,3
test_906.c,1,2,0,0,3
test_760.c,1,2,0,0,3
test_133.c,0,0,0,0,0
test_125.c,1,4,0,0,1
test_915.c,0,0,0,0,0
test_4.c,0,0,0,0,0
test_683.c,1,0,0,2,2
test_347.c,1,4,0,0,1
test_901.c,1,0,0,2,2
test_586.c,0,0,0,0,0
test_846.c,1,4,0,0,1
test_277.c,1,2,0,0,3
test_204.c,1,2,0,0,3
test_210.c,0,0,0,0,0
test_321.c,0,0,0,0,0
test_871.c,1,0,0,2,2
test_852.c,1,4,0,0,1
test_568.c,1,0,0,2,2
test_354.c,1,0,0,2,2
test_180.c,1,0,0,2,2
test_750.c,1,4,0,0,1
test_594.c,1,2,0,0,3
test_356.c,1,4,0,0,1
test_934.c,1,0,0,2,2
test_569.c,0,0,0,0,0
test_580.c,0,0,0,0,0
test_930.c,0,0,0,0,0
test_978.c,1,0,0,2,2
test_512.c,0,0,0,0,0
test_939.c,0,0,0,0,0
test_905.c,0,0,0,0,0
test_927.c,1,4,0,0,1
test_295.c,1,4,0,0,1
test_666.c,0,0,0,0,0
test_275.c,0,0,0,0,0
test_42.c,1,0,0,2,2
test_368.c,1,0,0,2,2
test_735.c,1,4,0,0,1
test_682.c,0,0,0,0,0
test_300.c,1,4,0,0,1
test_337.c,1,4,0,0,1
test_164.c,0,0,0,0,0
test_879.c,1,2,0,0,3
test_964.c,1,4,0,0,1
test_432.c,0,0,0,0,0
test_382.c,0,0,0,0,0
test_649.c,1,0,0,2,2
test_640.c,1,4,0,0,1
test_691.c,1,4,0,0,1
test_376.c,0,0,0,0,0
test_617.c,0,0,0,0,0
test_170.c,0,0,0,0,0
test_344.c,1,0,0,2,2
test_10.c,1,0,0,2,2
test_51.c,0,0,0,0,0
test_539.c,1,4,0,0,1
test_855.c,0,0,0,0,0
test_680.c,0,0,0,0,0
test_172.c,0,0,0,0,0
test_654.c,1,4,0,0,1
test_862.c,1,2,0,0,3
test_743.c,1,2,0,0,3
test_791.c,0,0,0,0,0
test_389.c,1,2,0,0,3
test_320.c,1,2,0,0,3
test_865.c,0,0,0,0,0
test_636.c,0,0,0,0,0
test_553.c,0,0,0,0,0
test_632.c,1,0,0,2,2
test_325.c,1,4,0,0,1
test_285.c,1,2,0,0,3
test_652.c,1,0,0,2,2
test_159.c,0,0,0,0,0
test_274.c,0,0,0,0,0
test_85.c,1,4,0,0,1
test_256.c,1,2,0,0,3
test_71.c,0,0,0,0,0
test_223.c,1,0,0,2,2
test_727.c,0,0,0,0,0
test_460.c,1,4,0,0,1
test_278.c,0,0,0,0,0
test_185.c,0,0,0,0,0
test_145.c,1,2,0,0,3
test_369.c,1,4,0,0,1
test_370.c,0,0,0,0,0
test_722.c,1,2,0,0,3
test_467.c,1,4,0,0,1
test_542.c,1,0,0,2,2
test_82.c,1,0,0,2,2
test_776.c,1,4,0,0,1
test_315.c,1,2,0,0,3
test_93.c,1,0,0,2,2
test_816.c,1,4,0,0,1
test_366.c,1,2,0,0,3
test_621.c,1,0,0,2,2
test_894.c,1,0,0,2,2
test_936.c,1,0,0,2,2
test_350.c,1,0,0,2,2
test_607.c,1,4,0,0,1
test_613.c,1,0,0,2,2
test_96.c,0,0,0,0,0
test_696.c,0,0,0,0,0
test_751.c,1,4,0,0,1
test_259.c,1,0,0,2,2
test_541.c,0,0,0,0,0
test_346.c,0,0,0,0,0
test_303.c,1,0,0,2,2
test_885.c,0,0,0,0,0
test_438.c,1,4,0,0,1
test_288.c,1,4,0,0,1
test_807.c,1,0,0,2,2
test_716.c,0,0,0,0,0
test_566.c,0,0,0,0,0
test_339.c,0,0,0,0,0
test_561.c,1,2,0,0,3
test_940.c,0,0,0,0,0
test_574.c,1,2,0,0,3
test_362.c,1,2,0,0,3
test_485.c,0,0,0,0,0
test_458.c,1,2,0,0,3
test_921.c,1,4,0,0,1
test_618.c,1,0,0,2,2
test_876.c,1,2,0,0,3
test_610.c,1,0,0,2,2
test_193.c,1,0,0,2,2
test_817.c,1,4,0,0,1
test_137.c,1,0,0,2,2
test_298.c,1,2,0,0,3
test_704.c,0,0,0,0,0
test_870.c,1,4,0,0,1
test_197.c,1,4,0,0,1
test_737.c,1,4,0,0,1
test_18.c,1,0,0,2,2
test_43.c,0,0,0,0,0
test_280.c,0,0,0,0,0
test_888.c,0,0,0,0,0
test_851.c,1,0,0,2,2
test_118.c,1,0,0,2,2
test_22.c,1,2,0,0,3
test_309.c,1,4,0,0,1
test_456.c,0,0,0,0,0
test_326.c,1,2,0,0,3
test_593.c,0,0,0,0,0
test_988.c,1,2,0,0,3
test_399.c,0,0,0,0,0
test_858.c,1,2,0,0,3
test_834.c,1,4,0,0,1
test_506.c,0,0,0,0,0
test_792.c,1,4,0,0,1
test_405.c,1,4,0,0,1
test_777.c,1,4,0,0,1
test_65.c,1,4,0,0,1
test_496.c,0,0,0,0,0
test_549.c,0,0,0,0,0
test_519.c,1,0,0,2,2
test_129.c,0,0,0,0,0
test_108.c,1,0,0,2,2
test_650.c,1,2,0,0,3
test_543.c,0,0,0,0,0
test_437.c,0,0,0,0,0
test_112.c,1,2,0,0,3
test_717.c,0,0,0,0,0
test_790.c,1,4,0,0,1
test_462.c,1,4,0,0,1
test_2.c,0,0,0,0,0
test_892.c,0,0,0,0,0
test_728.c,0,0,0,0,0
test_711.c,1,2,0,0,3
test_63.c,1,2,0,0,3
test_123.c,1,2,0,0,3
test_286.c,1,2,0,0,3
test_25.c,1,4,0,0,1
test_686.c,1,4,0,0,1
test_967.c,1,0,0,2,2
test_375.c,0,0,0,0,0
test_380.c,1,2,0,0,3
test_428.c,0,0,0,0,0
test_167.c,0,0,0,0,0
test_47.c,0,0,0,0,0
test_643.c,0,0,0,0,0
test_759.c,0,0,0,0,0
test_839.c,1,0,0,2,2
test_443.c,0,0,0,0,0
test_795.c,0,0,0,0,0
test_83.c,1,4,0,0,1
test_922.c,0,0,0,0,0
test_17.c,0,0,0,0,0
test_1.c,1,0,0,2,2
test_107.c,1,2,0,0,3
test_942.c,0,0,0,0,0
test_565.c,1,0,0,2,2
test_281.c,0,0,0,0,0
test_819.c,1,0,0,2,2
test_160.c,0,0,0,0,0
test_800.c,1,4,0,0,1
test_513.c,1,4,0,0,1
test_403.c,0,0,0,0,0
test_840.c,1,0,0,2,2
test_525.c,0,0,0,0,0
test_203.c,0,0,0,0,0
test_977.c,1,2,0,0,3
test_937.c,0,0,0,0,0
test_205.c,0,0,0,0,0
test_812.c,0,0,0,0,0
test_388.c,1,2,0,0,3
test_891.c,0,0,0,0,0
test_183.c,0,0,0,0,0
test_771.c,1,4,0,0,1
test_110.c,0,0,0,0,0
test_490.c,1,2,0,0,3
test_508.c,0,0,0,0,0
test_251.c,1,0,0,2,2
test_175.c,1,2,0,0,3
test_909.c,0,0,0,0,0
test_718.c,1,2,0,0,3
test_386.c,1,2,0,0,3
test_493.c,1,0,0,2,2
test_784.c,0,0,0,0,0
test_272.c,1,4,0,0,1
test_269.c,1,2,0,0,3
test_547.c,0,0,0,0,0
test_802.c,0,0,0,0,0
test_234.c,0,0,0,0,0
test_739.c,0,0,0,0,0
test_517.c,0,0,0,0,0
test_463.c,1,0,0,2,2
test_184.c,0,0,0,0,0
test_985.c,1,4,0,0,1
test_296.c,1,2,0,0,3
test_966.c,1,0,0,2,2
test_823.c,1,2,0,0,3
test_86.c,0,0,0,0,0
test_656.c,1,0,0,2,2
test_603.c,1,4,0,0,1
test_842.c,1,4,0,0,1
test_589.c,1,2,0,0,3
test_794.c,1,4,0,0,1
test_417.c,1,0,0,2,2
test_454.c,1,0,0,2,2
test_811.c,1,2,0,0,3
test_294.c,1,2,0,0,3
test_926.c,1,2,0,0,3
test_690.c,0,0,0,0,0
test_647.c,1,4,0,0,1
test_70.c,0,0,0,0,0
test_122.c,1,2,0,0,3
test_587.c,1,2,0,0,3
test_398.c,0,0,0,0,0
test_453.c,0,0,0,0,0
test_744.c,1,2,0,0,3
test_441.c,1,2,0,0,3
test_948.c,1,0,0,2,2
test_415.c,0,0,0,0,0
test_128.c,1,0,0,2,2
test_623.c,1,2,0,0,3
test_729.c,1,4,0,0,1
test_703.c,1,0,0,2,2
test_838.c,0,0,0,0,0
test_801.c,1,2,0,0,3
test_19.c,0,0,0,0,0
test_601.c,1,2,0,0,3
test_523.c,0,0,0,0,0
test_318.c,1,0,0,2,2
test_450.c,0,0,0,0,0
test_99.c,1,4,0,0,1
test_590.c,0,0,0,0,0
test_95.c,0,0,0,0,0
test_689.c,1,2,0,0,3
test_491.c,0,0,0,0,0
test_630.c,0,0,0,0,0
test_171.c,0,0,0,0,0
test_121.c,1,4,0,0,1
test_480.c,1,0,0,2,2
test_33.c,1,2,0,0,3
test_815.c,1,4,0,0,1
test_219.c,0,0,0,0,0
test_521.c,1,4,0,0,1
test_679.c,1,4,0,0,1
test_734.c,1,2,0,0,3
test_3.c,1,0,0,2,2
test_826.c,0,0,0,0,0
test_446.c,0,0,0,0,0
test_207.c,1,2,0,0,3
test_619.c,1,4,0,0,1
test_614.c,0,0,0,0,0
test_740.c,0,0,0,0,0
test_554.c,0,0,0,0,0
test_929.c,1,0,0,2,2
test_48.c,1,2,0,0,3
test_113.c,1,4,0,0,1
test_141.c,1,2,0,0,3
test_916.c,1,2,0,0,3
test_271.c,1,4,0,0,1
test_755.c,1,4,0,0,1
test_552.c,0,0,0,0,0
test_377.c,1,2,0,0,3
test_426.c,1,0,0,2,2
test_818.c,0,0,0,0,0
test_968.c,0,0,0,0,0
test_199.c,1,4,0,0,1
test_474.c,1,4,0,0,1
test_981.c,0,0,0,0,0
test_697.c,1,2,0,0,3
test_54.c,0,0,0,0,0
test_615.c,0,0,0,0,0
test_162.c,1,0,0,2,2
test_44.c,1,0,0,2,2
test_624.c,0,0,0,0,0
test_35.c,1,2,0,0,3
test_651.c,0,0,0,0,0
test_457.c,1,0,0,2,2
test_768.c,1,4,0,0,1
test_529.c,1,4,0,0,1
test_396.c,0,0,0,0,0
test_11.c,0,0,0,0,0
test_532.c,1,2,0,0,3
test_941.c,1,0,0,2,2
test_173.c,0,0,0,0,0
test_348.c,0,0,0,0,0
test_900.c,0,0,0,0,0
test_73.c,1,2,0,0,3
test_550.c,1,2,0,0,3
test_393.c,0,0,0,0,0
test_187.c,1,4,0,0,1
test_466.c,0,0,0,0,0
test_211.c,0,0,0,0,0
test_424.c,1,0,0,2,2
test_974.c,0,0,0,0,0
test_360.c,0,0,0,0,0
test_546.c,1,2,0,0,3
test_342.c,1,2,0,0,3
test_887.c,1,0,0,2,2
test_265.c,1,2,0,0,3
test_866.c,1,0,0,2,2
test_283.c,1,4,0,0,1
test_829.c,1,4,0,0,1
test_373.c,0,0,0,0,0
test_857.c,0,0,0,0,0
test_611.c,1,4,0,0,1
test_599.c,1,0,0,2,2
test_783.c,0,0,0,0,0
test_504.c,1,2,0,0,3
test_94.c,0,0,0,0,0
test_844.c,1,0,0,2,2
test_714.c,0,0,0,0,0
test_72.c,1,2,0,0,3
test_9.c,0,0,0,0,0
test_282.c,0,0,0,0,0
test_24.c,1,0,0,2,2
test_340.c,0,0,0,0,0
test_997.c,1,0,0,2,2
test_80.c,1,0,0,2,2
test_161.c,1,0,0,2,2
test_545.c,1,4,0,0,1
test_371.c,0,0,0,0,0
test_848.c,0,0,0,0,0
test_177.c,0,0,0,0,0
test_253.c,1,2,0,0,3
test_758.c,0,0,0,0,0
test_192.c,0,0,0,0,0
test_747.c,1,0,0,2,2
test_662.c,1,0,0,2,2
test_507.c,1,4,0,0,1
test_308.c,0,0,0,0,0
test_497.c,1,2,0,0,3
test_943.c,1,2,0,0,3
test_267.c,0,0,0,0,0
test_431.c,0,0,0,0,0
test_6.c,1,2,0,0,3
test_625.c,0,0,0,0,0
test_189.c,1,0,0,2,2
test_861.c,1,0,0,2,2
test_796.c,1,0,0,2,2
test_260.c,0,0,0,0,0
test_291.c,1,0,0,2,2
test_516.c,0,0,0,0,0
test_401.c,1,4,0,0,1
test_400.c,0,0,0,0,0
test_89.c,1,0,0,2,2
test_715.c,0,0,0,0,0
test_577.c,1,0,0,2,2
test_853.c,1,4,0,0,1
test_572.c,1,4,0,0,1
test_976.c,0,0,0,0,0
test_606.c,0,0,0,0,0
test_925.c,1,4,0,0,1
test_381.c,0,0,0,0,0
test_754.c,1,0,0,2,2
test_736.c,1,0,0,2,2
test_893.c,1,2,0,0,3
test_684.c,1,2,0,0,3
test_484.c,1,2,0,0,3
test_100.c,0,0,0,0,0
test_931.c,1,2,0,0,3
test_726.c,0,0,0,0,0
test_367.c,1,0,0,2,2
test_59.c,1,0,0,2,2
test_639.c,0,0,0,0,0
test_538.c,0,0,0,0,0
test_731.c,0,0,0,0,0
test_130.c,1,0,0,2,2
test_208.c,1,0,0,2,2
test_675.c,1,0,0,2,2
test_235.c,1,2,0,0,3
test_669.c,1,2,0,0,3
test_671.c,0,0,0,0,0
test_45.c,1,0,0,2,2
test_404.c,0,0,0,0,0
test_994.c,0,0,0,0,0
test_297.c,0,0,0,0,0
test_945.c,0,0,0,0,0
test_698.c,0,0,0,0,0
test_745.c,1,0,0,2,2
test_215.c,1,0,0,2,2
test_710.c,1,2,0,0,3
test_975.c,1,2,0,0,3
test_247.c,0,0,0,0,0
test_830.c,1,2,0,0,3
test_414.c,1,2,0,0,3
test_31.c,1,4,0,0,1
test_505.c,0,0,0,0,0
test_685.c,0,0,0,0,0
test_999.c,0,0,0,0,0
test_409.c,1,0,0,2,2
test_785.c,1,0,0,2,2
test_757.c,1,0,0,2,2
test_631.c,0,0,0,0,0
test_472.c,0,0,0,0,0
test_944.c,1,4,0,0,1
test_752.c,1,0,0,2,2
test_655.c,0,0,0,0,0
test_808.c,1,2,0,0,3
test_494.c,0,0,0,0,0
test_953.c,0,0,0,0,0
test_672.c,0,0,0,0,0
test_23.c,1,2,0,0,3
test_641.c,1,2,0,0,3
test_447.c,1,4,0,0,1
test_890.c,0,0,0,0,0
test_540.c,0,0,0,0,0
test_242.c,1,0,0,2,2
test_479.c,1,4,0,0,1
test_324.c,0,0,0,0,0
test_317.c,1,2,0,0,3
test_196.c,0,0,0,0,0
test_78.c,1,4,0,0,1
test_648.c,1,4,0,0,1
test_653.c,1,0,0,2,2
test_612.c,0,0,0,0,0
test_301.c,0,0,0,0,0
test_245.c,0,0,0,0,0
test_69.c,1,2,0,0,3
test_749.c,0,0,0,0,0
