program,warnings,overflow,conversion,cluster
test_programs/test213.c,1,0,0,1
test_programs/test14.c,0,0,0,0
test_programs/test227.c,0,0,0,0
test_programs/test816.c,1,0,0,1
test_programs/test286.c,0,0,0,0
test_programs/test456.c,1,0,0,1
test_programs/test179.c,1,0,0,1
test_programs/test415.c,1,0,0,1
test_programs/test713.c,0,0,0,0
test_programs/test413.c,0,0,0,0
test_programs/test324.c,1,0,0,1
test_programs/test531.c,1,0,0,1
test_programs/test64.c,1,0,0,1
test_programs/test336.c,0,0,0,0
test_programs/test471.c,0,0,0,0
test_programs/test760.c,0,0,0,0
test_programs/test546.c,0,0,0,0
test_programs/test500.c,0,0,0,0
test_programs/test211.c,0,0,0,0
test_programs/test171.c,1,0,0,1
test_programs/test411.c,0,0,0,0
test_programs/test42.c,1,0,0,1
test_programs/test773.c,0,0,0,0
test_programs/test978.c,0,0,0,0
test_programs/test326.c,1,0,0,1
test_programs/test596.c,0,0,0,0
test_programs/test738.c,0,0,0,0
test_programs/test340.c,1,0,0,1
test_programs/test70.c,1,0,0,1
test_programs/test750.c,1,0,0,1
test_programs/test688.c,0,0,0,0
test_programs/test72.c,0,0,0,0
test_programs/test775.c,0,0,0,0
test_programs/test791.c,0,0,0,0
test_programs/test644.c,0,0,0,0
test_programs/test629.c,0,0,0,0
test_programs/test736.c,0,0,0,0
test_programs/test654.c,0,0,0,0
test_programs/test260.c,1,0,0,1
test_programs/test484.c,1,0,0,1
test_programs/test235.c,0,0,0,0
test_programs/test89.c,0,0,0,0
test_programs/test868.c,1,0,0,1
test_programs/test606.c,1,0,0,1
test_programs/test845.c,1,0,0,1
test_programs/test874.c,1,0,0,1
test_programs/test965.c,0,0,0,0
test_programs/test75.c,1,0,0,1
test_programs/test58.c,1,0,0,1
test_programs/test359.c,0,0,0,0
test_programs/test648.c,0,0,0,0
test_programs/test452.c,0,0,0,0
test_programs/test622.c,0,0,0,0
test_programs/test887.c,1,0,0,1
test_programs/test159.c,0,0,0,0
test_programs/test904.c,0,0,0,0
test_programs/test425.c,0,0,0,0
test_programs/test136.c,1,0,0,1
test_programs/test643.c,0,0,0,0
test_programs/test803.c,0,0,0,0
test_programs/test383.c,1,0,0,1
test_programs/test725.c,1,0,0,1
test_programs/test154.c,0,0,0,0
test_programs/test947.c,0,0,0,0
test_programs/test689.c,1,0,0,1
test_programs/test705.c,0,0,0,0
test_programs/test51.c,1,0,0,1
test_programs/test39.c,0,0,0,0
test_programs/test844.c,1,0,0,1
test_programs/test305.c,0,0,0,0
test_programs/test859.c,1,0,0,1
test_programs/test829.c,0,0,0,0
test_programs/test376.c,0,0,0,0
test_programs/test150.c,1,0,0,1
test_programs/test687.c,0,0,0,0
test_programs/test509.c,0,0,0,0
test_programs/test252.c,0,0,0,0
test_programs/test620.c,0,0,0,0
test_programs/test427.c,0,0,0,0
test_programs/test739.c,0,0,0,0
test_programs/test787.c,0,0,0,0
test_programs/test412.c,1,0,0,1
test_programs/test841.c,1,0,0,1
test_programs/test219.c,0,0,0,0
test_programs/test938.c,1,0,0,1
test_programs/test559.c,0,0,0,0
test_programs/test270.c,0,0,0,0
test_programs/test18.c,1,0,0,1
test_programs/test516.c,1,0,0,1
test_programs/test806.c,1,0,0,1
test_programs/test872.c,0,0,0,0
test_programs/test670.c,1,0,0,1
test_programs/test975.c,0,0,0,0
test_programs/test350.c,0,0,0,0
test_programs/test952.c,0,0,0,0
test_programs/test745.c,0,0,0,0
test_programs/test995.c,1,0,0,1
test_programs/test814.c,1,0,0,1
test_programs/test642.c,1,0,0,1
test_programs/test11.c,1,0,0,1
test_programs/test175.c,0,0,0,0
test_programs/test734.c,1,0,0,1
test_programs/test553.c,0,0,0,0
test_programs/test460.c,1,0,0,1
test_programs/test271.c,0,0,0,0
test_programs/test999.c,0,0,0,0
test_programs/test86.c,1,0,0,1
test_programs/test540.c,0,0,0,0
test_programs/test379.c,1,0,0,1
test_programs/test547.c,0,0,0,0
test_programs/test94.c,1,0,0,1
test_programs/test696.c,0,0,0,0
test_programs/test327.c,0,0,0,0
test_programs/test790.c,0,0,0,0
test_programs/test638.c,0,0,0,0
test_programs/test25.c,0,0,0,0
test_programs/test711.c,0,0,0,0
test_programs/test985.c,1,0,0,1
test_programs/test602.c,1,0,0,1
test_programs/test981.c,1,0,0,1
test_programs/test574.c,0,0,0,0
test_programs/test315.c,1,0,0,1
test_programs/test556.c,0,0,0,0
test_programs/test22.c,1,0,0,1
test_programs/test703.c,0,0,0,0
test_programs/test817.c,0,0,0,0
test_programs/test742.c,0,0,0,0
test_programs/test886.c,0,0,0,0
test_programs/test855.c,1,0,0,1
test_programs/test92.c,0,0,0,0
test_programs/test10.c,1,0,0,1
test_programs/test769.c,1,0,0,1
test_programs/test263.c,1,0,0,1
test_programs/test550.c,0,0,0,0
test_programs/test399.c,1,0,0,1
test_programs/test788.c,0,0,0,0
test_programs/test137.c,0,0,0,0
test_programs/test223.c,0,0,0,0
test_programs/test289.c,0,0,0,0
test_programs/test748.c,0,0,0,0
test_programs/test641.c,0,0,0,0
test_programs/test489.c,0,0,0,0
test_programs/test458.c,0,0,0,0
test_programs/test173.c,0,0,0,0
test_programs/test807.c,1,0,0,1
test_programs/test979.c,0,0,0,0
test_programs/test945.c,1,0,0,1
test_programs/test571.c,0,0,0,0
test_programs/test752.c,1,0,0,1
test_programs/test17.c,0,0,0,0
test_programs/test281.c,0,0,0,0
test_programs/test176.c,1,0,0,1
test_programs/test344.c,0,0,0,0
test_programs/test283.c,0,0,0,0
test_programs/test372.c,0,0,0,0
test_programs/test243.c,0,0,0,0
test_programs/test52.c,1,0,0,1
test_programs/test824.c,0,0,0,0
test_programs/test678.c,1,0,0,1
test_programs/test986.c,1,0,0,1
test_programs/test214.c,0,0,0,0
test_programs/test15.c,0,0,0,0
test_programs/test878.c,0,0,0,0
test_programs/test146.c,1,0,0,1
test_programs/test560.c,1,0,0,1
test_programs/test258.c,0,0,0,0
test_programs/test530.c,1,0,0,1
test_programs/test156.c,1,0,0,1
test_programs/test712.c,0,0,0,0
test_programs/test727.c,0,0,0,0
test_programs/test233.c,0,0,0,0
test_programs/test616.c,0,0,0,0
test_programs/test613.c,0,0,0,0
test_programs/test352.c,0,0,0,0
test_programs/test38.c,0,0,0,0
test_programs/test568.c,0,0,0,0
test_programs/test552.c,1,0,0,1
test_programs/test741.c,1,0,0,1
test_programs/test715.c,1,0,0,1
test_programs/test954.c,0,0,0,0
test_programs/test896.c,1,0,0,1
test_programs/test189.c,0,0,0,0
test_programs/test805.c,1,0,0,1
test_programs/test224.c,0,0,0,0
test_programs/test926.c,1,0,0,1
test_programs/test405.c,0,0,0,0
test_programs/test640.c,1,0,0,1
test_programs/test507.c,0,0,0,0
test_programs/test410.c,1,0,0,1
test_programs/test239.c,0,0,0,0
test_programs/test870.c,0,0,0,0
test_programs/test57.c,0,0,0,0
test_programs/test646.c,0,0,0,0
test_programs/test249.c,0,0,0,0
test_programs/test820.c,0,0,0,0
test_programs/test706.c,1,0,0,1
test_programs/test517.c,0,0,0,0
test_programs/test180.c,1,0,0,1
test_programs/test402.c,0,0,0,0
test_programs/test519.c,0,0,0,0
test_programs/test319.c,0,0,0,0
test_programs/test910.c,0,0,0,0
test_programs/test109.c,0,0,0,0
test_programs/test433.c,0,0,0,0
test_programs/test570.c,0,0,0,0
test_programs/test398.c,0,0,0,0
test_programs/test71.c,1,0,0,1
test_programs/test395.c,1,0,0,1
test_programs/test59.c,1,0,0,1
test_programs/test520.c,1,0,0,1
test_programs/test825.c,1,0,0,1
test_programs/test740.c,0,0,0,0
test_programs/test724.c,0,0,0,0
test_programs/test115.c,0,0,0,0
test_programs/test504.c,1,0,0,1
test_programs/test284.c,1,0,0,1
test_programs/test37.c,0,0,0,0
test_programs/test85.c,0,0,0,0
test_programs/test686.c,0,0,0,0
test_programs/test236.c,0,0,0,0
test_programs/test822.c,0,0,0,0
test_programs/test242.c,1,0,0,1
test_programs/test848.c,0,0,0,0
test_programs/test248.c,0,0,0,0
test_programs/test298.c,0,0,0,0
test_programs/test494.c,0,0,0,0
test_programs/test576.c,1,0,0,1
test_programs/test255.c,0,0,0,0
test_programs/test636.c,1,0,0,1
test_programs/test434.c,1,0,0,1
test_programs/test275.c,1,0,0,1
test_programs/test977.c,0,0,0,0
test_programs/test880.c,1,0,0,1
test_programs/test394.c,1,0,0,1
test_programs/test743.c,1,0,0,1
test_programs/test875.c,0,0,0,0
test_programs/test946.c,0,0,0,0
test_programs/test370.c,0,0,0,0
test_programs/test82.c,0,0,0,0
test_programs/test162.c,1,0,0,1
test_programs/test207.c,0,0,0,0
test_programs/test375.c,0,0,0,0
test_programs/test967.c,0,0,0,0
test_programs/test391.c,0,0,0,0
test_programs/test455.c,1,0,0,1
test_programs/test930.c,1,0,0,1
test_programs/test292.c,0,0,0,0
test_programs/test389.c,1,0,0,1
test_programs/test339.c,0,0,0,0
test_programs/test565.c,1,0,0,1
test_programs/test367.c,1,0,0,1
test_programs/test479.c,0,0,0,0
test_programs/test414.c,0,0,0,0
test_programs/test254.c,1,0,0,1
test_programs/test501.c,1,0,0,1
test_programs/test168.c,1,0,0,1
test_programs/test486.c,0,0,0,0
test_programs/test953.c,0,0,0,0
test_programs/test199.c,0,0,0,0
test_programs/test228.c,0,0,0,0
test_programs/test980.c,0,0,0,0
test_programs/test416.c,1,0,0,1
test_programs/test623.c,0,0,0,0
test_programs/test693.c,1,0,0,1
test_programs/test93.c,1,0,0,1
test_programs/test796.c,0,0,0,0
test_programs/test387.c,0,0,0,0
test_programs/test789.c,0,0,0,0
test_programs/test449.c,1,0,0,1
test_programs/test280.c,0,0,0,0
test_programs/test692.c,0,0,0,0
test_programs/test708.c,0,0,0,0
test_programs/test818.c,0,0,0,0
test_programs/test464.c,1,0,0,1
test_programs/test328.c,0,0,0,0
test_programs/test276.c,1,0,0,1
test_programs/test528.c,0,0,0,0
test_programs/test587.c,1,0,0,1
test_programs/test492.c,1,0,0,1
test_programs/test951.c,0,0,0,0
test_programs/test854.c,1,0,0,1
test_programs/test69.c,1,0,0,1
test_programs/test579.c,1,0,0,1
test_programs/test317.c,0,0,0,0
test_programs/test483.c,0,0,0,0
test_programs/test331.c,1,0,0,1
test_programs/test850.c,0,0,0,0
test_programs/test201.c,0,0,0,0
test_programs/test285.c,0,0,0,0
test_programs/test717.c,0,0,0,0
test_programs/test366.c,0,0,0,0
test_programs/test959.c,1,0,0,1
test_programs/test296.c,1,0,0,1
test_programs/test927.c,0,0,0,0
test_programs/test490.c,0,0,0,0
test_programs/test746.c,0,0,0,0
test_programs/test267.c,1,0,0,1
test_programs/test158.c,1,0,0,1
test_programs/test230.c,0,0,0,0
test_programs/test667.c,1,0,0,1
test_programs/test808.c,1,0,0,1
test_programs/test826.c,0,0,0,0
test_programs/test325.c,1,0,0,1
test_programs/test605.c,0,0,0,0
test_programs/test132.c,0,0,0,0
test_programs/test34.c,0,0,0,0
test_programs/test939.c,0,0,0,0
test_programs/test669.c,0,0,0,0
test_programs/test782.c,1,0,0,1
test_programs/test231.c,0,0,0,0
test_programs/test182.c,1,0,0,1
test_programs/test114.c,1,0,0,1
test_programs/test35.c,1,0,0,1
test_programs/test50.c,0,0,0,0
test_programs/test937.c,1,0,0,1
test_programs/test396.c,1,0,0,1
test_programs/test98.c,0,0,0,0
test_programs/test526.c,1,0,0,1
test_programs/test625.c,0,0,0,0
test_programs/test533.c,1,0,0,1
test_programs/test140.c,0,0,0,0
test_programs/test274.c,1,0,0,1
test_programs/test680.c,1,0,0,1
test_programs/test103.c,1,0,0,1
test_programs/test101.c,0,0,0,0
test_programs/test770.c,0,0,0,0
test_programs/test944.c,0,0,0,0
test_programs/test732.c,0,0,0,0
test_programs/test311.c,1,0,0,1
test_programs/test262.c,1,0,0,1
test_programs/test193.c,0,0,0,0
test_programs/test558.c,1,0,0,1
test_programs/test129.c,1,0,0,1
test_programs/test60.c,1,0,0,1
test_programs/test297.c,0,0,0,0
test_programs/test869.c,0,0,0,0
test_programs/test700.c,0,0,0,0
test_programs/test960.c,1,0,0,1
test_programs/test561.c,0,0,0,0
test_programs/test343.c,0,0,0,0
test_programs/test572.c,1,0,0,1
test_programs/test888.c,1,0,0,1
test_programs/test195.c,1,0,0,1
test_programs/test871.c,0,0,0,0
test_programs/test761.c,0,0,0,0
test_programs/test374.c,0,0,0,0
test_programs/test250.c,1,0,0,1
test_programs/test649.c,0,0,0,0
test_programs/test548.c,0,0,0,0
test_programs/test707.c,0,0,0,0
test_programs/test40.c,1,0,0,1
test_programs/test771.c,0,0,0,0
test_programs/test924.c,0,0,0,0
test_programs/test266.c,0,0,0,0
test_programs/test567.c,1,0,0,1
test_programs/test942.c,0,0,0,0
test_programs/test618.c,0,0,0,0
test_programs/test901.c,0,0,0,0
test_programs/test898.c,0,0,0,0
test_programs/test588.c,0,0,0,0
test_programs/test205.c,1,0,0,1
test_programs/test100.c,1,0,0,1
test_programs/test730.c,1,0,0,1
test_programs/test124.c,0,0,0,0
test_programs/test768.c,0,0,0,0
test_programs/test610.c,0,0,0,0
test_programs/test666.c,0,0,0,0
test_programs/test338.c,0,0,0,0
test_programs/test996.c,0,0,0,0
test_programs/test429.c,0,0,0,0
test_programs/test513.c,1,0,0,1
test_programs/test112.c,0,0,0,0
test_programs/test798.c,0,0,0,0
test_programs/test421.c,0,0,0,0
test_programs/test903.c,0,0,0,0
test_programs/test63.c,0,0,0,0
test_programs/test439.c,0,0,0,0
test_programs/test905.c,1,0,0,1
test_programs/test920.c,0,0,0,0
test_programs/test128.c,0,0,0,0
test_programs/test194.c,0,0,0,0
test_programs/test762.c,0,0,0,0
test_programs/test506.c,0,0,0,0
test_programs/test116.c,0,0,0,0
test_programs/test261.c,1,0,0,1
test_programs/test204.c,0,0,0,0
test_programs/test105.c,0,0,0,0
test_programs/test950.c,0,0,0,0
test_programs/test864.c,0,0,0,0
test_programs/test422.c,0,0,0,0
test_programs/test320.c,0,0,0,0
test_programs/test77.c,0,0,0,0
test_programs/test691.c,1,0,0,1
test_programs/test120.c,0,0,0,0
test_programs/test139.c,0,0,0,0
test_programs/test774.c,1,0,0,1
test_programs/test756.c,0,0,0,0
test_programs/test135.c,0,0,0,0
test_programs/test735.c,1,0,0,1
test_programs/test879.c,0,0,0,0
test_programs/test474.c,0,0,0,0
test_programs/test984.c,1,0,0,1
test_programs/test583.c,0,0,0,0
test_programs/test321.c,1,0,0,1
test_programs/test117.c,0,0,0,0
test_programs/test353.c,1,0,0,1
test_programs/test209.c,0,0,0,0
test_programs/test163.c,0,0,0,0
test_programs/test404.c,0,0,0,0
test_programs/test598.c,0,0,0,0
test_programs/test172.c,1,0,0,1
test_programs/test446.c,1,0,0,1
test_programs/test206.c,0,0,0,0
test_programs/test256.c,0,0,0,0
test_programs/test885.c,0,0,0,0
test_programs/test948.c,0,0,0,0
test_programs/test463.c,0,0,0,0
test_programs/test585.c,0,0,0,0
test_programs/test454.c,0,0,0,0
test_programs/test784.c,1,0,0,1
test_programs/test451.c,0,0,0,0
test_programs/test335.c,0,0,0,0
test_programs/test833.c,0,0,0,0
test_programs/test431.c,0,0,0,0
test_programs/test842.c,1,0,0,1
test_programs/test958.c,0,0,0,0
test_programs/test473.c,0,0,0,0
test_programs/test857.c,1,0,0,1
test_programs/test362.c,1,0,0,1
test_programs/test438.c,0,0,0,0
test_programs/test202.c,1,0,0,1
test_programs/test582.c,1,0,0,1
test_programs/test659.c,1,0,0,1
test_programs/test164.c,0,0,0,0
test_programs/test480.c,0,0,0,0
test_programs/test677.c,0,0,0,0
test_programs/test994.c,0,0,0,0
test_programs/test594.c,0,0,0,0
test_programs/test378.c,1,0,0,1
test_programs/test754.c,0,0,0,0
test_programs/test409.c,0,0,0,0
test_programs/test432.c,1,0,0,1
test_programs/test304.c,1,0,0,1
test_programs/test91.c,1,0,0,1
test_programs/test695.c,1,0,0,1
test_programs/test215.c,0,0,0,0
test_programs/test354.c,0,0,0,0
test_programs/test67.c,0,0,0,0
test_programs/test890.c,0,0,0,0
test_programs/test364.c,1,0,0,1
test_programs/test660.c,0,0,0,0
test_programs/test777.c,1,0,0,1
test_programs/test847.c,1,0,0,1
test_programs/test287.c,0,0,0,0
test_programs/test604.c,1,0,0,1
test_programs/test853.c,1,0,0,1
test_programs/test532.c,0,0,0,0
test_programs/test966.c,0,0,0,0
test_programs/test882.c,0,0,0,0
test_programs/test673.c,1,0,0,1
test_programs/test895.c,0,0,0,0
test_programs/test301.c,0,0,0,0
test_programs/test3.c,0,0,0,0
test_programs/test765.c,1,0,0,1
test_programs/test48.c,1,0,0,1
test_programs/test609.c,0,0,0,0
test_programs/test290.c,0,0,0,0
test_programs/test417.c,1,0,0,1
test_programs/test76.c,1,0,0,1
test_programs/test534.c,1,0,0,1
test_programs/test907.c,0,0,0,0
test_programs/test935.c,1,0,0,1
test_programs/test358.c,1,0,0,1
test_programs/test121.c,0,0,0,0
test_programs/test972.c,0,0,0,0
test_programs/test527.c,1,0,0,1
test_programs/test964.c,0,0,0,0
test_programs/test467.c,1,0,0,1
test_programs/test714.c,0,0,0,0
test_programs/test104.c,0,0,0,0
test_programs/test420.c,1,0,0,1
test_programs/test234.c,0,0,0,0
test_programs/test918.c,1,0,0,1
test_programs/test74.c,0,0,0,0
test_programs/test631.c,1,0,0,1
test_programs/test351.c,0,0,0,0
test_programs/test200.c,1,0,0,1
test_programs/test20.c,0,0,0,0
test_programs/test619.c,0,0,0,0
test_programs/test525.c,1,0,0,1
test_programs/test110.c,0,0,0,0
test_programs/test991.c,1,0,0,1
test_programs/test1.c,0,0,0,0
test_programs/test316.c,1,0,0,1
test_programs/test437.c,1,0,0,1
test_programs/test988.c,0,0,0,0
test_programs/test310.c,0,0,0,0
test_programs/test801.c,0,0,0,0
test_programs/test763.c,1,0,0,1
test_programs/test830.c,0,0,0,0
test_programs/test632.c,0,0,0,0
test_programs/test169.c,0,0,0,0
test_programs/test44.c,1,0,0,1
test_programs/test253.c,1,0,0,1
test_programs/test440.c,1,0,0,1
test_programs/test684.c,0,0,0,0
test_programs/test524.c,0,0,0,0
test_programs/test293.c,0,0,0,0
test_programs/test831.c,1,0,0,1
test_programs/test840.c,1,0,0,1
test_programs/test95.c,0,0,0,0
test_programs/test780.c,1,0,0,1
test_programs/test786.c,0,0,0,0
test_programs/test949.c,0,0,0,0
test_programs/test273.c,1,0,0,1
test_programs/test196.c,0,0,0,0
test_programs/test472.c,1,0,0,1
test_programs/test118.c,0,0,0,0
test_programs/test469.c,0,0,0,0
test_programs/test83.c,0,0,0,0
test_programs/test443.c,1,0,0,1
test_programs/test497.c,0,0,0,0
test_programs/test46.c,0,0,0,0
test_programs/test218.c,0,0,0,0
test_programs/test917.c,0,0,0,0
test_programs/test575.c,0,0,0,0
test_programs/test185.c,1,0,0,1
test_programs/test682.c,0,0,0,0
test_programs/test143.c,0,0,0,0
test_programs/test757.c,0,0,0,0
test_programs/test595.c,1,0,0,1
test_programs/test834.c,0,0,0,0
test_programs/test651.c,0,0,0,0
test_programs/test852.c,0,0,0,0
test_programs/test430.c,1,0,0,1
test_programs/test580.c,1,0,0,1
test_programs/test699.c,1,0,0,1
test_programs/test843.c,1,0,0,1
test_programs/test49.c,0,0,0,0
test_programs/test97.c,1,0,0,1
test_programs/test488.c,0,0,0,0
test_programs/test608.c,0,0,0,0
test_programs/test795.c,0,0,0,0
test_programs/test601.c,0,0,0,0
test_programs/test447.c,1,0,0,1
test_programs/test662.c,1,0,0,1
test_programs/test54.c,1,0,0,1
test_programs/test90.c,1,0,0,1
test_programs/test851.c,0,0,0,0
test_programs/test282.c,0,0,0,0
test_programs/test722.c,0,0,0,0
test_programs/test347.c,0,0,0,0
test_programs/test41.c,0,0,0,0
test_programs/test160.c,0,0,0,0
test_programs/test589.c,0,0,0,0
test_programs/test973.c,0,0,0,0
test_programs/test503.c,0,0,0,0
test_programs/test277.c,0,0,0,0
test_programs/test664.c,0,0,0,0
test_programs/test731.c,0,0,0,0
test_programs/test166.c,1,0,0,1
test_programs/test141.c,0,0,0,0
test_programs/test562.c,0,0,0,0
test_programs/test512.c,1,0,0,1
test_programs/test183.c,0,0,0,0
test_programs/test690.c,1,0,0,1
test_programs/test130.c,1,0,0,1
test_programs/test208.c,0,0,0,0
test_programs/test809.c,1,0,0,1
test_programs/test448.c,0,0,0,0
test_programs/test511.c,1,0,0,1
test_programs/test542.c,0,0,0,0
test_programs/test62.c,1,0,0,1
test_programs/test733.c,1,0,0,1
test_programs/test671.c,0,0,0,0
test_programs/test13.c,1,0,0,1
test_programs/test125.c,1,0,0,1
test_programs/test544.c,0,0,0,0
test_programs/test428.c,1,0,0,1
test_programs/test591.c,1,0,0,1
test_programs/test877.c,1,0,0,1
test_programs/test656.c,1,0,0,1
test_programs/test634.c,1,0,0,1
test_programs/test442.c,1,0,0,1
test_programs/test462.c,0,0,0,0
test_programs/test626.c,1,0,0,1
test_programs/test630.c,0,0,0,0
test_programs/test6.c,0,0,0,0
test_programs/test758.c,0,0,0,0
test_programs/test191.c,0,0,0,0
test_programs/test465.c,1,0,0,1
test_programs/test963.c,0,0,0,0
test_programs/test846.c,0,0,0,0
test_programs/test956.c,0,0,0,0
test_programs/test337.c,0,0,0,0
test_programs/test614.c,0,0,0,0
test_programs/test564.c,1,0,0,1
test_programs/test518.c,1,0,0,1
test_programs/test893.c,0,0,0,0
test_programs/test225.c,1,0,0,1
test_programs/test650.c,1,0,0,1
test_programs/test909.c,1,0,0,1
test_programs/test188.c,1,0,0,1
test_programs/test178.c,0,0,0,0
test_programs/test783.c,0,0,0,0
test_programs/test884.c,0,0,0,0
test_programs/test333.c,0,0,0,0
test_programs/test974.c,1,0,0,1
test_programs/test726.c,0,0,0,0
test_programs/test108.c,0,0,0,0
test_programs/test873.c,0,0,0,0
test_programs/test545.c,0,0,0,0
test_programs/test701.c,0,0,0,0
test_programs/test911.c,0,0,0,0
test_programs/test279.c,1,0,0,1
test_programs/test24.c,1,0,0,1
test_programs/test408.c,0,0,0,0
test_programs/test216.c,1,0,0,1
test_programs/test134.c,1,0,0,1
test_programs/test603.c,0,0,0,0
test_programs/test943.c,1,0,0,1
test_programs/test308.c,0,0,0,0
test_programs/test921.c,0,0,0,0
test_programs/test68.c,0,0,0,0
test_programs/test309.c,0,0,0,0
test_programs/test652.c,1,0,0,1
test_programs/test922.c,0,0,0,0
test_programs/test928.c,0,0,0,0
test_programs/test611.c,1,0,0,1
test_programs/test718.c,1,0,0,1
test_programs/test226.c,1,0,0,1
test_programs/test56.c,0,0,0,0
test_programs/test485.c,0,0,0,0
test_programs/test839.c,1,0,0,1
test_programs/test122.c,0,0,0,0
test_programs/test521.c,0,0,0,0
test_programs/test990.c,0,0,0,0
test_programs/test152.c,1,0,0,1
test_programs/test441.c,0,0,0,0
test_programs/test557.c,0,0,0,0
test_programs/test106.c,0,0,0,0
test_programs/test929.c,1,0,0,1
test_programs/test161.c,0,0,0,0
test_programs/test81.c,0,0,0,0
test_programs/test827.c,0,0,0,0
test_programs/test244.c,0,0,0,0
test_programs/test906.c,1,0,0,1
test_programs/test4.c,1,0,0,1
test_programs/test323.c,0,0,0,0
test_programs/test639.c,1,0,0,1
test_programs/test970.c,1,0,0,1
test_programs/test581.c,0,0,0,0
test_programs/test165.c,0,0,0,0
test_programs/test858.c,1,0,0,1
test_programs/test753.c,1,0,0,1
test_programs/test436.c,0,0,0,0
test_programs/test624.c,1,0,0,1
test_programs/test685.c,1,0,0,1
test_programs/test5.c,0,0,0,0
test_programs/test837.c,0,0,0,0
test_programs/test330.c,1,0,0,1
test_programs/test155.c,0,0,0,0
test_programs/test148.c,1,0,0,1
test_programs/test998.c,0,0,0,0
test_programs/test84.c,1,0,0,1
test_programs/test291.c,0,0,0,0
test_programs/test369.c,0,0,0,0
test_programs/test241.c,0,0,0,0
test_programs/test698.c,1,0,0,1
test_programs/test30.c,0,0,0,0
test_programs/test549.c,0,0,0,0
test_programs/test238.c,0,0,0,0
test_programs/test363.c,1,0,0,1
test_programs/test755.c,1,0,0,1
test_programs/test811.c,0,0,0,0
test_programs/test66.c,1,0,0,1
test_programs/test897.c,1,0,0,1
test_programs/test9.c,0,0,0,0
test_programs/test423.c,0,0,0,0
test_programs/test457.c,0,0,0,0
test_programs/test12.c,0,0,0,0
test_programs/test31.c,0,0,0,0
test_programs/test393.c,1,0,0,1
test_programs/test913.c,0,0,0,0
test_programs/test88.c,0,0,0,0
test_programs/test145.c,0,0,0,0
test_programs/test251.c,0,0,0,0
test_programs/test482.c,1,0,0,1
test_programs/test388.c,0,0,0,0
test_programs/test778.c,0,0,0,0
test_programs/test397.c,1,0,0,1
test_programs/test577.c,0,0,0,0
test_programs/test407.c,1,0,0,1
test_programs/test881.c,0,0,0,0
test_programs/test198.c,0,0,0,0
test_programs/test792.c,0,0,0,0
test_programs/test16.c,1,0,0,1
test_programs/test541.c,0,0,0,0
test_programs/test982.c,0,0,0,0
test_programs/test856.c,0,0,0,0
test_programs/test477.c,1,0,0,1
test_programs/test861.c,0,0,0,0
test_programs/test149.c,1,0,0,1
test_programs/test923.c,0,0,0,0
test_programs/test466.c,1,0,0,1
test_programs/test487.c,0,0,0,0
test_programs/test563.c,1,0,0,1
test_programs/test607.c,0,0,0,0
test_programs/test257.c,0,0,0,0
test_programs/test247.c,0,0,0,0
test_programs/test498.c,0,0,0,0
test_programs/test936.c,0,0,0,0
test_programs/test80.c,1,0,0,1
test_programs/test329.c,0,0,0,0
test_programs/test222.c,1,0,0,1
test_programs/test723.c,1,0,0,1
test_programs/test386.c,0,0,0,0
test_programs/test766.c,1,0,0,1
test_programs/test615.c,0,0,0,0
test_programs/test900.c,0,0,0,0
test_programs/test912.c,0,0,0,0
test_programs/test702.c,0,0,0,0
test_programs/test79.c,1,0,0,1
test_programs/test426.c,1,0,0,1
test_programs/test300.c,1,0,0,1
test_programs/test505.c,1,0,0,1
test_programs/test203.c,0,0,0,0
test_programs/test554.c,0,0,0,0
test_programs/test8.c,1,0,0,1
test_programs/test502.c,1,0,0,1
test_programs/test28.c,0,0,0,0
test_programs/test373.c,1,0,0,1
test_programs/test627.c,1,0,0,1
test_programs/test23.c,0,0,0,0
test_programs/test681.c,0,0,0,0
test_programs/test390.c,1,0,0,1
test_programs/test515.c,0,0,0,0
test_programs/test269.c,1,0,0,1
test_programs/test192.c,1,0,0,1
test_programs/test697.c,0,0,0,0
test_programs/test957.c,0,0,0,0
test_programs/test597.c,0,0,0,0
test_programs/test915.c,0,0,0,0
test_programs/test728.c,0,0,0,0
test_programs/test65.c,0,0,0,0
test_programs/test933.c,1,0,0,1
test_programs/test345.c,0,0,0,0
test_programs/test237.c,1,0,0,1
test_programs/test997.c,0,0,0,0
test_programs/test776.c,0,0,0,0
test_programs/test278.c,1,0,0,1
test_programs/test779.c,0,0,0,0
test_programs/test240.c,0,0,0,0
test_programs/test883.c,0,0,0,0
test_programs/test781.c,1,0,0,1
test_programs/test32.c,0,0,0,0
test_programs/test232.c,0,0,0,0
test_programs/test499.c,0,0,0,0
test_programs/test832.c,1,0,0,1
test_programs/test794.c,0,0,0,0
test_programs/test797.c,1,0,0,1
test_programs/test522.c,1,0,0,1
test_programs/test537.c,0,0,0,0
test_programs/test7.c,0,0,0,0
test_programs/test332.c,1,0,0,1
test_programs/test246.c,0,0,0,0
test_programs/test962.c,0,0,0,0
test_programs/test365.c,0,0,0,0
test_programs/test600.c,0,0,0,0
test_programs/test637.c,0,0,0,0
test_programs/test934.c,0,0,0,0
test_programs/test828.c,1,0,0,1
test_programs/test508.c,0,0,0,0
test_programs/test987.c,0,0,0,0
test_programs/test976.c,1,0,0,1
test_programs/test892.c,0,0,0,0
test_programs/test645.c,0,0,0,0
test_programs/test288.c,0,0,0,0
test_programs/test863.c,0,0,0,0
test_programs/test767.c,0,0,0,0
test_programs/test836.c,1,0,0,1
test_programs/test744.c,1,0,0,1
test_programs/test123.c,1,0,0,1
test_programs/test96.c,0,0,0,0
test_programs/test931.c,0,0,0,0
test_programs/test435.c,1,0,0,1
test_programs/test729.c,1,0,0,1
test_programs/test55.c,1,0,0,1
test_programs/test889.c,1,0,0,1
test_programs/test538.c,1,0,0,1
test_programs/test302.c,0,0,0,0
test_programs/test916.c,0,0,0,0
test_programs/test126.c,0,0,0,0
test_programs/test955.c,0,0,0,0
test_programs/test265.c,0,0,0,0
test_programs/test377.c,1,0,0,1
test_programs/test36.c,1,0,0,1
test_programs/test419.c,0,0,0,0
test_programs/test569.c,0,0,0,0
test_programs/test694.c,1,0,0,1
test_programs/test19.c,0,0,0,0
test_programs/test33.c,0,0,0,0
test_programs/test663.c,1,0,0,1
test_programs/test406.c,0,0,0,0
test_programs/test894.c,1,0,0,1
test_programs/test674.c,0,0,0,0
test_programs/test481.c,0,0,0,0
test_programs/test716.c,0,0,0,0
test_programs/test992.c,0,0,0,0
test_programs/test612.c,0,0,0,0
test_programs/test348.c,1,0,0,1
test_programs/test303.c,0,0,0,0
test_programs/test491.c,1,0,0,1
test_programs/test940.c,0,0,0,0
test_programs/test349.c,0,0,0,0
test_programs/test294.c,0,0,0,0
test_programs/test704.c,0,0,0,0
test_programs/test229.c,1,0,0,1
test_programs/test665.c,0,0,0,0
test_programs/test633.c,1,0,0,1
test_programs/test902.c,1,0,0,1
test_programs/test495.c,1,0,0,1
test_programs/test925.c,0,0,0,0
test_programs/test99.c,0,0,0,0
test_programs/test658.c,1,0,0,1
test_programs/test584.c,0,0,0,0
test_programs/test381.c,1,0,0,1
test_programs/test759.c,0,0,0,0
test_programs/test470.c,0,0,0,0
test_programs/test475.c,0,0,0,0
test_programs/test127.c,0,0,0,0
test_programs/test144.c,1,0,0,1
test_programs/test815.c,1,0,0,1
test_programs/test764.c,1,0,0,1
test_programs/test478.c,0,0,0,0
test_programs/test187.c,0,0,0,0
test_programs/test212.c,0,0,0,0
test_programs/test573.c,1,0,0,1
test_programs/test823.c,0,0,0,0
test_programs/test181.c,1,0,0,1
test_programs/test322.c,0,0,0,0
test_programs/test418.c,0,0,0,0
test_programs/test772.c,1,0,0,1
test_programs/test679.c,0,0,0,0
test_programs/test299.c,0,0,0,0
test_programs/test184.c,1,0,0,1
test_programs/test862.c,1,0,0,1
test_programs/test174.c,1,0,0,1
test_programs/test720.c,0,0,0,0
test_programs/test403.c,1,0,0,1
test_programs/test672.c,0,0,0,0
test_programs/test27.c,1,0,0,1
test_programs/test26.c,0,0,0,0
test_programs/test683.c,0,0,0,0
test_programs/test272.c,0,0,0,0
test_programs/test592.c,0,0,0,0
test_programs/test355.c,0,0,0,0
test_programs/test368.c,0,0,0,0
test_programs/test590.c,0,0,0,0
test_programs/test133.c,0,0,0,0
test_programs/test721.c,0,0,0,0
test_programs/test444.c,1,0,0,1
test_programs/test21.c,1,0,0,1
test_programs/test635.c,0,0,0,0
test_programs/test535.c,0,0,0,0
test_programs/test919.c,1,0,0,1
test_programs/test147.c,1,0,0,1
test_programs/test812.c,1,0,0,1
test_programs/test157.c,0,0,0,0
test_programs/test361.c,0,0,0,0
test_programs/test401.c,0,0,0,0
test_programs/test356.c,0,0,0,0
test_programs/test306.c,1,0,0,1
test_programs/test476.c,1,0,0,1
test_programs/test341.c,0,0,0,0
test_programs/test749.c,0,0,0,0
test_programs/test73.c,1,0,0,1
test_programs/test653.c,1,0,0,1
test_programs/test295.c,1,0,0,1
test_programs/test138.c,0,0,0,0
test_programs/test392.c,0,0,0,0
test_programs/test2.c,0,0,0,0
test_programs/test747.c,1,0,0,1
test_programs/test142.c,1,0,0,1
test_programs/test360.c,0,0,0,0
test_programs/test119.c,0,0,0,0
test_programs/test461.c,0,0,0,0
test_programs/test107.c,1,0,0,1
test_programs/test468.c,0,0,0,0
test_programs/test151.c,0,0,0,0
test_programs/test657.c,1,0,0,1
test_programs/test197.c,0,0,0,0
test_programs/test941.c,1,0,0,1
test_programs/test113.c,0,0,0,0
test_programs/test914.c,1,0,0,1
test_programs/test793.c,0,0,0,0
test_programs/test450.c,0,0,0,0
test_programs/test43.c,0,0,0,0
test_programs/test385.c,0,0,0,0
test_programs/test382.c,1,0,0,1
test_programs/test849.c,0,0,0,0
test_programs/test380.c,1,0,0,1
test_programs/test647.c,0,0,0,0
test_programs/test131.c,0,0,0,0
test_programs/test813.c,1,0,0,1
test_programs/test876.c,0,0,0,0
test_programs/test785.c,0,0,0,0
test_programs/test968.c,0,0,0,0
test_programs/test709.c,0,0,0,0
test_programs/test969.c,1,0,0,1
test_programs/test989.c,0,0,0,0
test_programs/test566.c,1,0,0,1
test_programs/test61.c,1,0,0,1
test_programs/test29.c,1,0,0,1
test_programs/test313.c,1,0,0,1
test_programs/test810.c,1,0,0,1
test_programs/test424.c,0,0,0,0
test_programs/test599.c,0,0,0,0
test_programs/test621.c,0,0,0,0
test_programs/test961.c,0,0,0,0
test_programs/test578.c,0,0,0,0
test_programs/test170.c,1,0,0,1
test_programs/test932.c,1,0,0,1
test_programs/test628.c,0,0,0,0
test_programs/test838.c,1,0,0,1
test_programs/test342.c,1,0,0,1
test_programs/test453.c,0,0,0,0
test_programs/test400.c,1,0,0,1
test_programs/test496.c,0,0,0,0
test_programs/test493.c,0,0,0,0
test_programs/test45.c,1,0,0,1
test_programs/test676.c,0,0,0,0
test_programs/test259.c,1,0,0,1
test_programs/test445.c,0,0,0,0
test_programs/test539.c,0,0,0,0
test_programs/test334.c,1,0,0,1
test_programs/test800.c,0,0,0,0
test_programs/test983.c,0,0,0,0
test_programs/test523.c,1,0,0,1
test_programs/test668.c,1,0,0,1
test_programs/test459.c,1,0,0,1
test_programs/test891.c,1,0,0,1
test_programs/test153.c,1,0,0,1
test_programs/test865.c,0,0,0,0
test_programs/test102.c,0,0,0,0
test_programs/test371.c,0,0,0,0
test_programs/test384.c,1,0,0,1
test_programs/test53.c,1,0,0,1
test_programs/test908.c,0,0,0,0
test_programs/test167.c,1,0,0,1
test_programs/test536.c,0,0,0,0
test_programs/test514.c,1,0,0,1
test_programs/test710.c,1,0,0,1
test_programs/test78.c,0,0,0,0
test_programs/test821.c,1,0,0,1
test_programs/test87.c,0,0,0,0
test_programs/test268.c,0,0,0,0
test_programs/test314.c,0,0,0,0
test_programs/test867.c,0,0,0,0
test_programs/test719.c,1,0,0,1
test_programs/test190.c,1,0,0,1
test_programs/test751.c,1,0,0,1
test_programs/test866.c,0,0,0,0
test_programs/test217.c,0,0,0,0
test_programs/test221.c,1,0,0,1
test_programs/test860.c,0,0,0,0
test_programs/test264.c,1,0,0,1
test_programs/test210.c,1,0,0,1
test_programs/test799.c,0,0,0,0
test_programs/test47.c,1,0,0,1
test_programs/test357.c,0,0,0,0
test_programs/test802.c,1,0,0,1
test_programs/test804.c,1,0,0,1
test_programs/test0.c,1,0,0,1
test_programs/test593.c,1,0,0,1
test_programs/test661.c,0,0,0,0
test_programs/test555.c,1,0,0,1
test_programs/test543.c,1,0,0,1
test_programs/test111.c,1,0,0,1
test_programs/test220.c,0,0,0,0
test_programs/test307.c,0,0,0,0
test_programs/test529.c,0,0,0,0
test_programs/test899.c,0,0,0,0
test_programs/test737.c,0,0,0,0
test_programs/test675.c,1,0,0,1
test_programs/test245.c,0,0,0,0
test_programs/test177.c,1,0,0,1
test_programs/test819.c,0,0,0,0
test_programs/test312.c,0,0,0,0
test_programs/test346.c,0,0,0,0
test_programs/test551.c,1,0,0,1
test_programs/test655.c,0,0,0,0
test_programs/test318.c,0,0,0,0
test_programs/test510.c,0,0,0,0
test_programs/test971.c,1,0,0,1
test_programs/test993.c,0,0,0,0
test_programs/test586.c,1,0,0,1
test_programs/test617.c,1,0,0,1
test_programs/test186.c,1,0,0,1
test_programs/test835.c,0,0,0,0
